project_id;project_name;app_id;app_name;first_seen_at;last_seen_at;last_seen_app_version;last_seen_ip_country;last_seen_platform;last_seen_platform_version;last_seen_sdk_version;last_seen_locale;price_experiment_id;price_experiment_variant;email;phone_number;media_source;campaign;ad_group;ad;keyword;creative;idfa;idfv;gps_ad_id;custom_attributes;has_made_sandbox_purchase;latest_entitlement;latest_product;is_rc_promo;first_purchase_at;trial_start_at;trial_end_at;most_recent_purchase_at;most_recent_renewal_at;latest_expiration_at;subscription_opt_out_at;trial_opt_out_at;total_renewals;total_spent;latest_store;latest_store_country;latest_auto_renew_intent;all_purchased_product_ids;most_recent_billing_issues_at;status;has_made_a_non_subscription_purchase;latest_offer;latest_offer_type;latest_purchased_offering;latest_ownership_type;app_user_id
a2c54556;Speakeasy;appa50cc30c2d;Speakeasy AI Dictation (App Store);1716087721199;1717256210000;1.1.4;US;iOS;Version 17.5.1 (Build 21F90);4.41.1;"en-US,en;q=0.9";;;;;;;;;;;;2850E2E9-35B3-48FD-929D-3798DE95C34B;;;f;;;;;;;;;;;;;;;;f;;;;f;;;;;LBX3jcxzj9g1Kar6YWavp43Se243
a2c54556;Speakeasy;appa50cc30c2d;Speakeasy AI Dictation (App Store);1716217072729;1716217086000;1.1.4;TW;iOS;Version 17.5 (Build 21F79);4.41.1;"zh-TW,zh-Hant;q=0.9";;;;;;;;;;;;91949A57-A037-4B48-803D-9A97E58186AA;;{"early_user": {"value": "true", "updated_at_ms": 1717528296743}};f;;;;;;;;;;;;;;;;f;;;;f;;;;;wjNIXNU3zcaMR20RRQAu0TmDV1x2
a2c54556;Speakeasy;appa50cc30c2d;Speakeasy AI Dictation (App Store);1717786507016;1717786507000;2.0.1;KR;iOS;Version 17.5.1 (Build 21F90);4.41.1;"en-US,en;q=0.9";;;;;;;;;;;;6F5176AB-A576-4705-8483-2369404DC021;;;f;;;;;;;;;;;;;;;;f;;;;f;;;;;$RCAnonymousID:6cfcb8671f2f482f8d98a7d6364e845d
a2c54556;Speakeasy;appa50cc30c2d;Speakeasy AI Dictation (App Store);1716078322099;1716078322000;1.1.4;US;iOS;Version 17.4.1 (Build 21E236);4.41.1;"en-US,en;q=0.9";;;;;;;;;;;;8D8FA448-0456-4EA6-A47A-B74F3B843C74;;;f;;;;;;;;;;;;;;;;f;;;;f;;;;;mqwOB851UOW93AdzZgcL5OKq9Ck1
a2c54556;Speakeasy;appa50cc30c2d;Speakeasy AI Dictation (App Store);1714854402720;1717786672000;2.0.1;KR;iOS;Version 17.5.1 (Build 21F90);4.41.1;"en-US,en;q=0.9";;;;;;;;;;;;8FEE24BF-5E06-4EFC-91F9-77CDA73DCE9A;;;f;;;;;;;;;;;;;;;;f;;;;f;;;;;j4X2Zz3T6Pcr5Tssae0ADMVk8vk1
a2c54556;Speakeasy;appa50cc30c2d;Speakeasy AI Dictation (App Store);1716802150082;1716802178000;1.1.4;KR;iOS;Version 17.5.1 (Build 21F90);4.41.1;"en-CA,en-US;q=0.9,en;q=0.8";;;;;;;;;;;;5FA7CB51-3FFD-4673-887E-A707B9C28965;;;f;;;;;;;;;;;;;;;;f;;;;f;;;;;bCGFq2fHSAZ93zokrCIUG17Erp42
a2c54556;Speakeasy;appa50cc30c2d;Speakeasy AI Dictation (App Store);1717622266914;1717622266000;1.1.4;US;iOS;Version 17.5 (Build 21F79);4.41.1;"en-GB,en;q=0.9";;;;;;;;;;;;0F10BAC4-5CAC-4FEE-9B45-5B7757AC4C8B;;;f;;;;;;;;;;;;;;;;f;;;;f;;;;;$RCAnonymousID:86020e7938e845c08330b34b06ffd3f6
a2c54556;Speakeasy;appa50cc30c2d;Speakeasy AI Dictation (App Store);1717578201976;1717578216000;1.1.4;US;iOS;Version 17.5.1 (Build 21F90);4.41.1;"en-US,en;q=0.9";;;;;;;;;;;;33233D6D-1A55-4708-A850-12A34571AEDA;;;f;;;;;;;;;;;;;;;;f;;;;f;;;;;AWrn9ppvSIZsdW5dMUJaTMjodoi2
a2c54556;Speakeasy;appa50cc30c2d;Speakeasy AI Dictation (App Store);1717289490340;1717289490000;1.1.4;US;iOS;Version 17.4.1 (Build 21E236);4.41.1;"en-US,en;q=0.9";;;;;;;;;;;;3E4A10A4-82B1-4BE1-96DF-FA0D0FF61A88;;;f;;;;;;;;;;;;;;;;f;;;;f;;;;;0qTmhEro37a3WwJp3wzMPxEiLtE2
a2c54556;Speakeasy;appa50cc30c2d;Speakeasy AI Dictation (App Store);1716326286594;1717459351000;1.1.4;IL;iOS;Version 17.4.1 (Build 21E236);4.41.1;"en-US,en;q=0.9";;;;;;;;;;;;4F370F2F-6B59-4386-9854-A1AC624D73AC;;;f;;;;;;;;;;;;;;;;f;;;;f;;;;;I0zM72nTl5ZWC3tZvOgaTWBE4L73
a2c54556;Speakeasy;appa50cc30c2d;Speakeasy AI Dictation (App Store);1717103926893;1717103926000;1.1.4;GB;iOS;Version 17.4.1 (Build 21E236);4.41.1;"en-GB,en;q=0.9";;;;;;;;;;;;;;;f;;;;;;;;;;;;;;;;f;;;;f;;;;;$RCAnonymousID:658aecd504094feabaadf7277ab6a6df
a2c54556;Speakeasy;appa50cc30c2d;Speakeasy AI Dictation (App Store);1717838280703;1717838297000;2.0.1;GB;iOS;Version 17.5.1 (Build 21F90);4.41.1;"en-GB,en;q=0.9";;;;;;;;;;;;28488905-4730-47A8-88A7-728AC3E88EA1;;;f;;;;;;;;;;;;;;;;f;;;;f;;;;;snirzW6tpDab0NS037begHwr2mP2
a2c54556;Speakeasy;appa50cc30c2d;Speakeasy AI Dictation (App Store);1716830679314;1717724502000;1.1.4;CA;iOS;Version 17.5.1 (Build 21F90);4.41.1;"en-CA,en-US;q=0.9,en;q=0.8";;;;;;;;;;;;EBA8ECBE-98E5-49AD-B0EE-02397C89D52A;;;f;;;;;;;;;;;;;;;;f;;;;f;;;;;7c63TXEjochA2LP6FbAhUWMJWd53
a2c54556;Speakeasy;appa50cc30c2d;Speakeasy AI Dictation (App Store);1716850600147;1717803021000;1.1.4;AR;iOS;Version 17.5.1 (Build 21F90);4.41.1;"es-419,es;q=0.9";;;;;;;;;;;;18278003-4B77-4314-80AC-C149E183E478;;;f;;;;;;;;;;;;;;;;f;;;;f;;;;;qur32f3X6cMQ9xN9Xey2zeMJM4g1
a2c54556;Speakeasy;appa50cc30c2d;Speakeasy AI Dictation (App Store);1716413994315;1716414005000;1.1.4;US;iOS;Version 17.4.1 (Build 21E236);4.41.1;"en-US,en;q=0.9";;;;;;;;;;;;6D449995-358F-4E27-9161-AA3005ADE962;;;f;;;;;;;;;;;;;;;;f;;;;f;;;;;oFcuBi5uirhkeVtxkSUqKqd3Tgv2
a2c54556;Speakeasy;appa50cc30c2d;Speakeasy AI Dictation (App Store);1714692389908;1714692389000;0.4.2;US;iOS;Version 17.4.1 (Build 21E236);4.41.1;"en-US,en;q=0.9";;;;;;;;;;;;;;;f;;;;;;;;;;;;;;;;f;;;;f;;;;;$RCAnonymousID:e07f2a50b48b42ed88dc2cdbb283ccd1
a2c54556;Speakeasy;appa50cc30c2d;Speakeasy AI Dictation (App Store);1716946804919;1717553665000;1.1.4;US;iOS;Version 17.4.1 (Build 21E236);4.41.1;"en-US,en;q=0.9";;;;;;;;;;;;6A814636-78E0-410F-A045-1937998FE1A0;;;f;;;;;;;;;;;;;;;;f;;;;f;;;;;dLVUof969acGmw3Eo0jmwqEzAOZ2
a2c54556;Speakeasy;appa50cc30c2d;Speakeasy AI Dictation (App Store);1716846931942;1716846959000;1.1.4;KW;iOS;Version 17.4.1 (Build 21E236);4.41.1;"en-US,en;q=0.9";;;;;;;;;;;;190FC212-4818-47F9-A807-BB3C43912829;;;f;;;;;;;;;;;;;;;;f;;;;f;;;;;3y17VD6t2KRvxyw71WZAR13ybUu2
a2c54556;Speakeasy;;;1717780997347;1717780997355;;;;;;;;;;;;;;;;;;21E24B1C-E8A8-413C-B8F5-0F9EE7509EB0;;;f;;;;;;;;;;;;;;;;f;;;;f;;;;;$RCAnonymousID:cdea470c2df94d679bab98ad7f3fdd08
a2c54556;Speakeasy;appa50cc30c2d;Speakeasy AI Dictation (App Store);1716111640482;1716496003000;1.1.4;QA;iOS;Version 17.4.1 (Build 21E236);4.41.1;"en-IN,en-GB;q=0.9,en;q=0.8";;;;;;;;;;;;F828A2F4-D045-4D56-8E00-C5B567B5438A;;;f;;;;;;;;;;;;;;;;f;;;;f;;;;;5P96TPcr1FVcFRReVN1klbrdan63
a2c54556;Speakeasy;;;1717778915805;1717778915820;;;;;;;;;;;;1234567890;1234567890;1234567890;12323222;;;D937C591-BC0F-42CA-B5CE-37EEE1B324E9;;;f;;;;;;;;;;;;;;;;f;;;;f;;;;;UbWhsCgA38Zs1pRRtLPGTIg7sQh1
a2c54556;Speakeasy;appa50cc30c2d;Speakeasy AI Dictation (App Store);1717705393958;1717705393000;2.0.1;US;iOS;Version 17.5.1 (Build 21F90);4.41.1;"en-US,en;q=0.9";;;;;;;;;;;;;;;f;;;;;;;;;;;;;;;;f;;;;f;;;;;$RCAnonymousID:1607d4059208402cbc1911b3e57c1ecd
a2c54556;Speakeasy;appa50cc30c2d;Speakeasy AI Dictation (App Store);1717786662615;1717786708000;1.1.4;NG;iOS;Version 17.2.1 (Build 21C66);4.41.1;"en-GB,en;q=0.9";;;;;;;;;;;;0783D8BE-D2B4-4B76-949A-5E14EB5D9C8C;;;f;;;;;;;;;;;;;;;;f;;;;f;;;;;u8ILlGRcB6hZkwa4UV52JPRvTRB2
a2c54556;Speakeasy;appa50cc30c2d;Speakeasy AI Dictation (App Store);1716058917824;1716742820000;1.1.4;US;iOS;Version 17.4.1 (Build 21E236);4.41.1;"en-US,en;q=0.9";;;;;;;;;;;;64FB6103-275B-4A9D-AB06-07BC658DC045;;;f;;;;;;;;;;;;;;;;f;;;;f;;;;;6dwRmX9FUnTzwinnI79yghYkqwS2
a2c54556;Speakeasy;;;1717780414788;1717780414799;;;;;;;;;;;;;;;;;;D1EC7215-DB18-40A5-AE73-2C2A13B3F2E8;;;f;;;;;;;;;;;;;;;;f;;;;f;;;;;$RCAnonymousID:5775a27446554bdda80115c10e6648fc
a2c54556;Speakeasy;appa50cc30c2d;Speakeasy AI Dictation (App Store);1715996222984;1715996222000;1.1.4;US;iOS;Version 17.4.1 (Build 21E236);4.41.1;"en-US,en;q=0.9";;;;;;;;;;;;723C9CC2-FB1A-49FB-9D09-7424002190B4;;;f;;;;;;;;;;;;;;;;f;;;;f;;;;;eMfcY2yudaPKOV3NfgXXhG5n3oB2
a2c54556;Speakeasy;appa50cc30c2d;Speakeasy AI Dictation (App Store);1717784510344;1717784510000;2.0.1;US;iOS;Version 17.5.1 (Build 21F90);4.41.1;"en-US,en;q=0.9";;;;;;;;;;;;;;;f;;;;;;;;;;;;;;;;f;;;;f;;;;;$RCAnonymousID:cad4f9c07b514f9eade227b8258dca13
a2c54556;Speakeasy;appa50cc30c2d;Speakeasy AI Dictation (App Store);1716551142079;1717086383000;1.1.4;ID;iOS;Version 17.4.1 (Build 21E236);4.41.1;"en-GB,en;q=0.9";;;;;;;;;;;;17A9773A-94B0-4550-9CBD-9573FF80BD9B;;;f;;;;;;;;;;;;;;;;f;;;;f;;;;;ubaUmovxICPRRJtNevjEi3noHpH2
a2c54556;Speakeasy;appa50cc30c2d;Speakeasy AI Dictation (App Store);1716201286158;1716201296000;1.1.4;US;iOS;Version 17.4.1 (Build 21E236);4.41.1;"en-US,en;q=0.9";;;;;;;;;;;;9D6AF02A-7EAF-4D06-A897-A3F2CB7019EE;;;f;;;;;;;;;;;;;;;;f;;;;f;;;;;Favw977MetQDEY4kdPta798GZgA3
a2c54556;Speakeasy;appa50cc30c2d;Speakeasy AI Dictation (App Store);1717705173726;1717705215000;2.0.1;US;iOS;Version 17.5.1 (Build 21F90);4.41.1;"en-US,en;q=0.9";;;;;;;;;;;;;;;f;;;;;;;;;;;;;;;;f;;;;f;;;;;Q4I5PfKlPTcB619vj791SY1cKcN2
a2c54556;Speakeasy;appa50cc30c2d;Speakeasy AI Dictation (App Store);1716445888844;1716445888000;1.1.4;KR;iOS;Version 17.5.1 (Build 21F90);4.41.1;"zh-CN,zh-Hans;q=0.9";;;;;;;;;;;;;;;f;;;;;;;;;;;;;;;;f;;;;f;;;;;$RCAnonymousID:1a6aa867fb974ca2b399893d44a7d708
a2c54556;Speakeasy;appa50cc30c2d;Speakeasy AI Dictation (App Store);1716102585800;1716102613000;1.1.4;JP;iOS;Version 17.4.1 (Build 21E236);4.41.1;"en-US,en;q=0.9";;;;;;;;;;;;CFF36CA9-762A-4FBA-B6C7-64FA3277C6E4;;;f;;;;;;;;;;;;;;;;f;;;;f;;;;;i1KIzN82zCdW5BHCk2GzswBrPqn1
a2c54556;Speakeasy;;;1717780371715;1717780371723;;;;;;;;;;;;;;;;;;;;;f;;;;;;;;;;;;;;;;f;;;;f;;;;;$RCAnonymousID:7c8acfb5b7ed4169ae8517e472f901d8
a2c54556;Speakeasy;appa50cc30c2d;Speakeasy AI Dictation (App Store);1716486046733;1716486046000;1.1.4;US;iOS;Version 17.5.1 (Build 21F90);4.41.1;"en-US,en;q=0.9";;;;;;;;;;;;;;;f;;;;;;;;;;;;;;;;f;;;;f;;;;;$RCAnonymousID:a5501810aa684d7ea6ed448277e930c0
a2c54556;Speakeasy;;;1717779095071;1717779095086;;;;;;;;;;;;;;;;;;;;;f;;;;;;;;;;;;;;;;f;;;;f;;;;;$RCAnonymousID:a840c2bea3c4480bbcc00d5d519b3c44
a2c54556;Speakeasy;appa50cc30c2d;Speakeasy AI Dictation (App Store);1716520146290;1716520146000;1.1.4;IN;iOS;Version 17.4.1 (Build 21E236);4.41.1;"en-IN,en-GB;q=0.9,en;q=0.8";;;;;;;;;;;;63285117-D57C-4484-A3DB-6D0469EAB62A;;;f;;;;;;;;;;;;;;;;f;;;;f;;;;;r1RjX3sqmUafkm1Faxz419kKQFa2
a2c54556;Speakeasy;;;1717778772469;1717778772474;;;;;;;;;;;;;;;;;;;;;f;;;;;;;;;;;;;;;;f;;;;f;;;;;$RCAnonymousID:d8b246347d8e4390a0ea86a666802276
a2c54556;Speakeasy;appa50cc30c2d;Speakeasy AI Dictation (App Store);1717835535693;1717835535000;1.1.4;US;iOS;Version 17.4.1 (Build 21E236);4.41.1;"en-US,en;q=0.9";;;;;;;;;;;;9D7B7B04-1EE8-4C79-8EE7-88BA92D9B3F9;;;f;;;;;;;;;;;;;;;;f;;;;f;;;;;$RCAnonymousID:5eca8f0dfbd7465699ebf966670a480b
a2c54556;Speakeasy;appa50cc30c2d;Speakeasy AI Dictation (App Store);1715996551720;1717740204000;1.1.4;AU;iOS;Version 17.5.1 (Build 21F90);4.41.1;"en-AU,en;q=0.9";;;;;;;;;;;;D7992C7A-7C3E-44A3-9806-5F2DC31AF5A0;;;f;;;;;;;;;;;;;;;;f;;;;f;;;;;wlkN2lP7E6g76I61L8Rh4Pvujuy2
a2c54556;Speakeasy;appa50cc30c2d;Speakeasy AI Dictation (App Store);1717055326066;1717055333000;1.1.4;DE;iOS;Version 17.5.1 (Build 21F90);4.41.1;"en-GB,en;q=0.9";;;;;;;;;;;;F8DF1575-725D-4932-8739-323DD987ED44;;;f;;;;;;;;;;;;;;;;f;;;;f;;;;;8eARunIwmnQevrKEB2rE37OcfLa2
a2c54556;Speakeasy;appa50cc30c2d;Speakeasy AI Dictation (App Store);1716804007930;1716804007000;1.1.4;NZ;iOS;Version 17.4.1 (Build 21E236);4.41.1;"en-NZ,en-GB;q=0.9,en;q=0.8";;;;;;;;;;;;B7C0B5A2-A12D-4E00-BDC1-C5D5708C9B01;;;f;;;;;;;;;;;;;;;;f;;;;f;;;;;$RCAnonymousID:9d718944bc2b46cd9ea1802511b686c3
a2c54556;Speakeasy;appa50cc30c2d;Speakeasy AI Dictation (App Store);1717428360371;1717428382000;1.1.4;PK;iOS;Version 17.5.1 (Build 21F90);4.41.1;"en-GB,en;q=0.9";;;;;;;;;;;;786F5DF2-1683-4AB0-B6DD-652E0A9A326C;;;f;;;;;;;;;;;;;;;;f;;;;f;;;;;7yyasdpdEyU1ke5ovy91njaQLq52
a2c54556;Speakeasy;appa50cc30c2d;Speakeasy AI Dictation (App Store);1717133045450;1717133045000;1.1.4;AU;iOS;Version 17.5.1 (Build 21F90);4.41.1;"en-AU,en;q=0.9";;;;;;;;;;;;277BD9A3-B0E3-462A-8900-3B50A25C63A6;;;f;;;;;;;;;;;;;;;;f;;;;f;;;;;Vc5AIb6bdISwtFWVg61MyYTmohg2
a2c54556;Speakeasy;appa50cc30c2d;Speakeasy AI Dictation (App Store);1715954369774;1715954369000;1.1.4;US;iOS;Version 16.7.5 (Build 20H307);4.41.1;"en-US,en;q=0.9";;;;;;;;;;;;A8A22B61-E8C2-4F65-AAFF-0892278BE78C;;;f;;;;;;;;;;;;;;;;f;;;;f;;;;;zuyYfFi6y7hgu8tBm8e4e8HRJ6q2
a2c54556;Speakeasy;;;1717780961262;1717780961267;;;;;;;;;;;;;;;;;;;;;f;;;;;;;;;;;;;;;;f;;;;f;;;;;$RCAnonymousID:bb7bceb1b72a4960ac27bc925cbab65c
a2c54556;Speakeasy;appa50cc30c2d;Speakeasy AI Dictation (App Store);1717205289434;1717205289000;1.1.4;US;iOS;Version 17.3.1 (Build 21D61);4.41.1;"en-US,en;q=0.9";;;;;;;;;;;;A838E6DD-7E9B-4D97-B4D1-ED8765BA4217;;;f;;;;;;;;;;;;;;;;f;;;;f;;;;;9X7jAsaGQSMYzFM4x3Sd1wfZLRn2
a2c54556;Speakeasy;appa50cc30c2d;Speakeasy AI Dictation (App Store);1716054598969;1716054598000;1.1.4;US;iOS;Version 16.3.1 (Build 20D67);4.41.1;"en-US,en;q=0.9";;;;;;;;;;;;CF42E3D5-0A09-4E13-B66C-4D7F101B0BAB;;;f;;;;;;;;;;;;;;;;f;;;;f;;;;;$RCAnonymousID:d04dae805df04523b788b53ec68ac9a9
a2c54556;Speakeasy;appa50cc30c2d;Speakeasy AI Dictation (App Store);1716131816499;1717056153000;1.1.4;GB;iOS;Version 17.4.1 (Build 21E236);4.41.1;"en-US,en;q=0.9";;;;;;;;;;;;08308063-8DBD-45C1-89E4-C4E07FDE86D5;;;f;;;;;;;;;;;;;;;;f;;;;f;;;;;rVDiXyUUMQaMfZ5KUNUlyWV72lt2
a2c54556;Speakeasy;appa50cc30c2d;Speakeasy AI Dictation (App Store);1717302206104;1717302240000;1.1.4;US;iOS;Version 17.5.1 (Build 21F90);4.41.1;"en-US,en;q=0.9";;;;;;;;;;;;0C53364D-4D4B-48A4-91A3-8811AF550516;;;f;;;;;;;;;;;;;;;;f;;;;f;;;;;oRZFx4vyAHYWBMmjfnRRRLXznHg1
a2c54556;Speakeasy;appa50cc30c2d;Speakeasy AI Dictation (App Store);1717682396206;1717682396000;1.1.4;US;iOS;Version 17.4 (Build 21E213);4.41.1;"en-GB,en;q=0.9";;;;;;;;;;;;9A0DE281-43BF-4A5A-A666-1C26C9A6A0CB;;;f;;;;;;;;;;;;;;;;f;;;;f;;;;;$RCAnonymousID:e47639496cd24332a21ef601c184f92e
a2c54556;Speakeasy;appa50cc30c2d;Speakeasy AI Dictation (App Store);1716286452218;1716286465000;1.1.4;ES;iOS;Version 17.4.1 (Build 21E236);4.41.1;"es-ES,es;q=0.9";;;;;;;;;;;;0C246111-2E81-4E80-878E-AB161F05B080;;;f;;;;;;;;;;;;;;;;f;;;;f;;;;;srkF5ri5Wsch2SRB5DIcTcBHkjb2
a2c54556;Speakeasy;appa50cc30c2d;Speakeasy AI Dictation (App Store);1715030815474;1715030815000;1.1.3;US;iOS;Version 17.4.1 (Build 21E236);4.41.1;"en-US,en;q=0.9";;;;;;;;;;;;;;;f;;;;;;;;;;;;;;;;f;;;;f;;;;;$RCAnonymousID:38b442b845ff4aab9fa2cddd4847150a
a2c54556;Speakeasy;appa50cc30c2d;Speakeasy AI Dictation (App Store);1717069704292;1717069718000;1.1.4;US;iOS;Version 17.4.1 (Build 21E236);4.41.1;"en-US,en;q=0.9";;;;;;;;;;;;400CD3A3-11CC-452B-B02F-3EF6E10B091D;;;f;;;;;;;;;;;;;;;;f;;;;f;;;;;k9fzC7BR1Ch7gTeCRkwOu8h1mJD3
a2c54556;Speakeasy;appa50cc30c2d;Speakeasy AI Dictation (App Store);1716620234776;1717162107000;1.1.4;IN;iOS;Version 17.5.1 (Build 21F90);4.41.1;"en-IN,en-GB;q=0.9,en;q=0.8";;;;;;;;;;;;63285117-D57C-4484-A3DB-6D0469EAB62A;;;f;;;;;;;;;;;;;;;;f;;;;f;;;;;qCErtNtxhHh6qn9TvNPqpWU9kh72
a2c54556;Speakeasy;appa50cc30c2d;Speakeasy AI Dictation (App Store);1715986378357;1715986389000;1.1.4;US;iOS;Version 16.1.1 (Build 20B101);4.41.1;"en-US,en;q=0.9";;;;;;;;;;;;C05C0790-A02D-4352-A290-E347E06DDF9D;;;f;;;;;;;;;;;;;;;;f;;;;f;;;;;HIQDlYQJKhWBhndOjuxdy07odOT2
a2c54556;Speakeasy;appa50cc30c2d;Speakeasy AI Dictation (App Store);1714788862077;1714788897000;1.1.3;SG;iOS;Version 17.4.1 (Build 21E236);4.41.1;"en-SG,en-GB;q=0.9,en;q=0.8";;;;;;;;;;;;;;;f;;;;;;;;;;;;;;;;f;;;;f;;;;;NlJjncnrLifBoLTDOqt0wL6bRBA3
a2c54556;Speakeasy;appa50cc30c2d;Speakeasy AI Dictation (App Store);1717377569055;1717377569000;1.1.4;US;iOS;Version 17.4.1 (Build 21E236);4.41.1;"en-US,en;q=0.9";;;;;;;;;;;;A9BED7B6-83D5-4E83-AA22-88AF24277C33;;;f;;;;;;;;;;;;;;;;f;;;;f;;;;;$RCAnonymousID:78ce863c219746daa52460ea95108f3f
a2c54556;Speakeasy;appa50cc30c2d;Speakeasy AI Dictation (App Store);1714692151926;1717624280000;1.1.4;US;iOS;Version 17.4 (Build 21E213);4.41.1;"en-GB,en;q=0.9";;;;;;;;;;;;2009E736-AE81-4FF3-A84F-9C7481CCBAD0;;;f;;;;;;;;;;;;;;;;f;;;;f;;;;;fgJyGHnoKsacWLWKyDxUkIM9VJV2
a2c54556;Speakeasy;appa50cc30c2d;Speakeasy AI Dictation (App Store);1717442613894;1717442613000;1.1.4;US;iOS;Version 17.4.1 (Build 21E236);4.41.1;"en-US,en;q=0.9";;;;;;;;;;;;32BFED2C-5B00-4D5B-B491-54DF458E15A1;;;f;;;;;;;;;;;;;;;;f;;;;f;;;;;$RCAnonymousID:2aba7250a6a9440abc1ca05b5f832bc3
a2c54556;Speakeasy;appa50cc30c2d;Speakeasy AI Dictation (App Store);1716209947009;1717334485000;1.1.4;US;iOS;Version 17.4.1 (Build 21E236);4.41.1;"en-US,en;q=0.9";;;;;;;;;;;;1165C016-F4B2-48E6-BC04-C79155C00702;;;f;;;;;;;;;;;;;;;;f;;;;f;;;;;TPOM3UBsVzZq50ky7yAAZUS1a0m1
a2c54556;Speakeasy;appa50cc30c2d;Speakeasy AI Dictation (App Store);1717642744019;1717642744000;1.1.4;US;iOS;Version 17.4.1 (Build 21E236);4.41.1;"en-US,en;q=0.9";;;;;;;;;;;;F8786BA8-D600-42C6-8298-87A892E27301;;;f;;;;;;;;;;;;;;;;f;;;;f;;;;;anxM05HdkahIITz3cFzfvUe5UWN2
a2c54556;Speakeasy;appa50cc30c2d;Speakeasy AI Dictation (App Store);1716377290802;1716377301000;1.1.4;MY;iOS;Version 17.4.1 (Build 21E236);4.41.1;"en-US,en;q=0.9";;;;;;;;;;;;F11FF173-E97E-4996-A7D0-980237B06303;;;f;;;;;;;;;;;;;;;;f;;;;f;;;;;8HIz9e4FGRNVMY7m5lnVg49tMsO2
a2c54556;Speakeasy;;;1717558448438;1717558448443;;;;;;;;;;;;;;;;;;CFF3039B-7A67-442C-9F4C-02B324032639;;;f;;;;;;;;;;;;;;;;f;;;;f;;;;;pdn5SjyBYNePDPGRWXV7ILRRY4i1
a2c54556;Speakeasy;appa50cc30c2d;Speakeasy AI Dictation (App Store);1716455262134;1716455298000;1.1.4;CA;iOS;Version 17.5 (Build 21F79);4.41.1;"en-CA,en-US;q=0.9,en;q=0.8";;;;;;;;;;;;5CBB8530-FB96-4E13-8074-6AD26146FBD3;;;f;;;;;;;;;;;;;;;;f;;;;f;;;;;5FEixX0kGbYsSp7g2DgRueLWXSm2
a2c54556;Speakeasy;;;1717414043732;1717414043738;;;;;;;;;;;;;;;;;;909BDBB4-8F3D-4348-ACA4-E7F7AA27A3FB;;;f;;;;;;;;;;;;;;;;f;;;;f;;;;;$RCAnonymousID:65e23a78422a457091c063d7cebb262d
a2c54556;Speakeasy;appa50cc30c2d;Speakeasy AI Dictation (App Store);1717445518096;1717445531000;1.1.4;US;iOS;Version 17.4.1 (Build 21E236);4.41.1;"en-US,en;q=0.9";;;;;;;;;;;;72FAE549-EAC7-48A0-8384-119DFB46C175;;;f;;;;;;;;;;;;;;;;f;;;;f;;;;;LzTtWO9rg3gVRhpRNnkN7pMBs9i1
a2c54556;Speakeasy;appa50cc30c2d;Speakeasy AI Dictation (App Store);1717784270756;1717784270000;2.0.1;US;iOS;Version 17.5.1 (Build 21F90);4.41.1;"en-US,en;q=0.9";;;;;;;;;;;;;;;f;;;;;;;;;;;;;;;;f;;;;f;;;;;$RCAnonymousID:632465fbe4854b5d898765a8147fb7d5
a2c54556;Speakeasy;;;1717778687249;1717778687264;;;;;;;;;;;;;;;;;;;;;f;;;;;;;;;;;;;;;;f;;;;f;;;;;$RCAnonymousID:871ac2ffb3144fca9078ac4c0d13294c
a2c54556;Speakeasy;appa50cc30c2d;Speakeasy AI Dictation (App Store);1714838355167;1714838355000;1.1.3;KR;iOS;Version 17.4.1 (Build 21E236);4.41.1;"en-US,en;q=0.9";;;;;;;;;;;;;;;f;;;;;;;;;;;;;;;;f;;;;f;;;;;$RCAnonymousID:7f57bc000bfb4b209a961784a534a1a7
a2c54556;Speakeasy;appa50cc30c2d;Speakeasy AI Dictation (App Store);1717786759910;1717786759000;2.0.1;KR;iOS;Version 17.5.1 (Build 21F90);4.41.1;"en-US,en;q=0.9";;;;;;;;;;;;;;;f;;;;;;;;;;;;;;;;f;;;;f;;;;;$RCAnonymousID:a39480fb34a642dd8dc9fd3d02ba62fa
a2c54556;Speakeasy;appa50cc30c2d;Speakeasy AI Dictation (App Store);1716191543159;1716662492000;1.1.4;US;iOS;Version 17.4.1 (Build 21E236);4.41.1;"en-US,en;q=0.9";;;;;;;;;;;;43B7A906-724C-433D-8F1F-54EC0063514C;;;f;;;;;;;;;;;;;;;;f;;;;f;;;;;m3SeB9vwrQZhxcaS3kEnxfcKYCP2
a2c54556;Speakeasy;appa50cc30c2d;Speakeasy AI Dictation (App Store);1716685845093;1716685845000;1.1.4;US;iOS;Version 17.4.1 (Build 21E236);4.41.1;"en-US,en;q=0.9";;;;;;;;;;;;156C9C5E-0EEA-4514-88D1-68B9075A4CDB;;;f;;;;;;;;;;;;;;;;f;;;;f;;;;;byoZPJJbCkdJFB8UeOmsPGygaBg2
a2c54556;Speakeasy;appa50cc30c2d;Speakeasy AI Dictation (App Store);1717641328295;1717641731000;1.1.4;US;iOS;Version 17.5.1 (Build 21F90);4.41.1;"en-US,en;q=0.9";;;;;;;;;;;;7901DB3A-38F8-49A4-A957-878D6D5E9382;;;f;;;;;;;;;;;;;;;;f;;;;f;;;;;fEhLHJXjvrcYsm52vw1XuEZWpHP2
a2c54556;Speakeasy;appa50cc30c2d;Speakeasy AI Dictation (App Store);1716406789713;1717557237000;1.1.4;NZ;iOS;Version 17.4.1 (Build 21E236);4.41.1;"mi,en-AU;q=0.9,en;q=0.8";;;;;;;;;;;;B86A3AD0-3992-4D0D-81D1-6D8BDB3F18A8;;;f;;;;;;;;;;;;;;;;f;;;;f;;;;;yZbqYq5LtoOa1S2GzT5YEL3Wsla2
a2c54556;Speakeasy;appa50cc30c2d;Speakeasy AI Dictation (App Store);1716320111092;1716705862000;1.1.4;US;iOS;Version 17.5.1 (Build 21F90);4.41.1;"en-US,en;q=0.9";;;;;;;;;;;;E94CC2A7-60F4-44CA-B35E-493B3FD6E01A;;;f;;;;;;;;;;;;;;;;f;;;;f;;;;;uk6c4PoSKdMXhVh9KYNGJAPKdiq1
a2c54556;Speakeasy;appa50cc30c2d;Speakeasy AI Dictation (App Store);1716585148511;1716585157000;1.1.4;US;iOS;Version 17.4.1 (Build 21E236);4.41.1;"en-US,en;q=0.9";;;;;;;;;;;;458FA5D7-51A8-4A07-A650-90239970893D;;;f;;;;;;;;;;;;;;;;f;;;;f;;;;;N3DQFOqvKaUZyUz2E2CqyNRbvQC2
a2c54556;Speakeasy;appa50cc30c2d;Speakeasy AI Dictation (App Store);1717273080350;1717407137000;1.1.4;US;iOS;Version 17.5.1 (Build 21F90);4.41.1;"en-US,en;q=0.9";;;;;;;;;;;;82E041F2-112A-47D4-B498-BF0D79E36B22;;;f;;;;;;;;;;;;;;;;f;;;;f;;;;;nAZPG982Hthc5rDsmd5PfxGhK1B2
a2c54556;Speakeasy;appa50cc30c2d;Speakeasy AI Dictation (App Store);1716486253988;1716486268000;1.1.4;DE;iOS;Version 17.3 (Build 21D50);4.41.1;"en-GB,en;q=0.9";;;;;;;;;;;;12817BA7-0222-4269-BCDA-D55627570A3C;;;f;;;;;;;;;;;;;;;;f;;;;f;;;;;vwfm7IYcmzYWF9IL1n98dgoX2zQ2
a2c54556;Speakeasy;appa50cc30c2d;Speakeasy AI Dictation (App Store);1715997108260;1715997108000;1.1.4;UA;iOS;Version 16.5.1 (Build 20F75);4.41.1;"en-US,en;q=0.9";;;;;;;;;;;;;;;f;;;;;;;;;;;;;;;;f;;;;f;;;;;$RCAnonymousID:514b4d8e508b42fb8794140d560899c7
a2c54556;Speakeasy;appa50cc30c2d;Speakeasy AI Dictation (App Store);1716050612268;1716050612000;1.1.4;US;iOS;Version 16.6.1 (Build 20G81);4.41.1;"en-US,en;q=0.9";;;;;;;;;;;;6BA4721B-9EE8-4A4B-9E46-B4E345274C74;;;f;;;;;;;;;;;;;;;;f;;;;f;;;;;g1eemhkBnTMSwwVi6leDHdQaK1F2
a2c54556;Speakeasy;appa50cc30c2d;Speakeasy AI Dictation (App Store);1717658776545;1717658782000;1.1.4;US;iOS;Version 17.5.1 (Build 21F90);4.41.1;"en-US,en;q=0.9";;;;;;;;;;;;F542F4E1-59BF-48B4-A656-382D3C803E03;;;f;;;;;;;;;;;;;;;;f;;;;f;;;;;4yOjphJvRsaimHbfUb154kLLH3V2
a2c54556;Speakeasy;appa50cc30c2d;Speakeasy AI Dictation (App Store);1717544547585;1717544656000;1.1.4;US;iOS;Version 17.5.1 (Build 21F90);4.41.1;"en-US,en;q=0.9";;;;;;;;;;;;4F15FD0B-F8E6-4E35-AB32-4CB251517268;;;f;;;;;;;;;;;;;;;;f;;;;f;;;;;NhQm05jH0xWYG799DyhvEcKdgjo2
a2c54556;Speakeasy;appa50cc30c2d;Speakeasy AI Dictation (App Store);1714854798041;1714854798000;1.1.3;US;iOS;Version 17.4.1 (Build 21E236);4.41.1;"en-US,en;q=0.9";;;;;;;;;;;;;;;f;;;;;;;;;;;;;;;;f;;;;f;;;;;$RCAnonymousID:2b7b05822f6443b189c67949848d9f3c
a2c54556;Speakeasy;appa50cc30c2d;Speakeasy AI Dictation (App Store);1716054817151;1716054835000;1.1.4;US;iOS;Version 17.4.1 (Build 21E236);4.41.1;"en-US,en;q=0.9";;;;;;;;;;;;7499A2F0-0E4E-438D-9791-7F488FC3ADA8;;;f;;;;;;;;;;;;;;;;f;;;;f;;;;;E5KtNR7ppPdigWIpA9svy8H7GX23
a2c54556;Speakeasy;appa50cc30c2d;Speakeasy AI Dictation (App Store);1717577147255;1717577147000;1.1.4;KR;iOS;Version 17.5.1 (Build 21F90);4.41.1;"zh-CN,zh-Hans;q=0.9";;;;;;;;;;;;5E55B8D2-FB83-4096-BC8A-C983C9969E1F;;;f;;;;;;;;;;;;;;;;f;;;;f;;;;;$RCAnonymousID:293a707ddde74f0b9eca231f6686a800
a2c54556;Speakeasy;appa50cc30c2d;Speakeasy AI Dictation (App Store);1715991808760;1717111490000;1.1.4;US;iOS;Version 17.4.1 (Build 21E236);4.41.1;"en-US,en;q=0.9";;;;;;;;;;;;2A133742-5CEB-4C38-8BC1-0E242F8313E8;;;f;;;;;;;;;;;;;;;;f;;;;f;;;;;8tMgiZxCcyNxJkRaNMQQzWsW00p1
a2c54556;Speakeasy;appa50cc30c2d;Speakeasy AI Dictation (App Store);1716683893004;1716683893000;1.1.4;US;iOS;Version 17.4.1 (Build 21E236);4.41.1;"en-US,en;q=0.9";;;;;;;;;;;;0EDE1CC4-1E47-4082-BFF0-F1EA9DA0343F;;;f;;;;;;;;;;;;;;;;f;;;;f;;;;;$RCAnonymousID:28c29bf8765d4894b042593ffbdd8290
a2c54556;Speakeasy;appa50cc30c2d;Speakeasy AI Dictation (App Store);1716421358052;1716902079000;1.1.4;US;iOS;Version 17.4.1 (Build 21E236);4.41.1;"en-US,en;q=0.9";;;;;;;;;;;;04822E80-BA1D-4313-8C49-4BB6A5E55105;;;f;;;;;;;;;;;;;;;;f;;;;f;;;;;9rqsntZWl6fTUVUD2UOsqcwF6rL2
a2c54556;Speakeasy;appa50cc30c2d;Speakeasy AI Dictation (App Store);1717062839801;1717062872000;1.1.4;GB;iOS;Version 17.4.1 (Build 21E236);4.41.1;"en-GB,en;q=0.9";;;;;;;;;;;;EB5AA60F-12F8-4793-AAFE-279D701AAE3B;;;f;;;;;;;;;;;;;;;;f;;;;f;;;;;Uz8JCjDr2gfmec0XToMcZsAn64F2
a2c54556;Speakeasy;appa50cc30c2d;Speakeasy AI Dictation (App Store);1716178635342;1717542537000;1.1.4;AU;iOS;Version 17.4.1 (Build 21E236);4.41.1;"en-AU,en;q=0.9";;;;;;;;;;;;C30E717E-1588-4317-8523-A73E88AD93D2;;;f;;;;;;;;;;;;;;;;f;;;;f;;;;;5rLm1UpZ5ncvtgEpdyhaIAKkM432
a2c54556;Speakeasy;appa50cc30c2d;Speakeasy AI Dictation (App Store);1716441227457;1716622397000;1.1.4;US;iOS;Version 17.4.1 (Build 21E236);4.41.1;"en-US,en;q=0.9";;;;;;;;;;;;2F807157-6E1C-4BBC-819A-573FEC3C570A;;;f;;;;;;;;;;;;;;;;f;;;;f;;;;;afiSBjmjTaQ30QCRvWLVyQrQ5kt1
a2c54556;Speakeasy;appa50cc30c2d;Speakeasy AI Dictation (App Store);1717229448983;1717229448000;1.1.4;US;iOS;Version 17.5.1 (Build 21F90);4.41.1;"en-US,en;q=0.9";;;;;;;;;;;;025D3A11-E9D2-408D-BFDB-09045100767A;;;f;;;;;;;;;;;;;;;;f;;;;f;;;;;$RCAnonymousID:a83db95130474c4cb65b9b5645a596a7
a2c54556;Speakeasy;appa50cc30c2d;Speakeasy AI Dictation (App Store);1716244012458;1717449364000;1.1.4;US;iOS;Version 17.5.1 (Build 21F90);4.41.1;"fr-FR,fr;q=0.9";;;;;;;;;;;;DBD3DCAB-DFC7-4BD1-A947-D0CC646820AA;;;f;;;;;;;;;;;;;;;;f;;;;f;;;;;29gQh0BIfNX26kSenBuel2mAQf82
a2c54556;Speakeasy;appa50cc30c2d;Speakeasy AI Dictation (App Store);1713889140206;1715354624000;1.1.3;US;iOS;Version 17.4 (Build 21E213);4.41.1;"en-GB,en;q=0.9";;;;;;;;;;;;503B24AB-204F-49DA-8BD1-2ECBC48F8043;;;f;;;;;;;;;;;;;;;;f;;;;f;;;;;$RCAnonymousID:82973993bcc0481e80120d9377fa612f
a2c54556;Speakeasy;appa50cc30c2d;Speakeasy AI Dictation (App Store);1716362474769;1716362474000;1.1.4;KR;iOS;Version 17.5.1 (Build 21F90);4.41.1;"zh-CN,zh-Hans;q=0.9";;;;;;;;;;;;;;;f;;;;;;;;;;;;;;;;f;;;;f;;;;;$RCAnonymousID:65af181b756b4cd78f10dee549609d42
a2c54556;Speakeasy;appa50cc30c2d;Speakeasy AI Dictation (App Store);1717170298569;1717170298000;1.1.4;US;iOS;Version 17.4.1 (Build 21E236);4.41.1;"en-US,en;q=0.9";;;;;;;;;;;;889A94F8-A1C6-4D07-A0BD-3A332F68ADD0;;;f;;;;;;;;;;;;;;;;f;;;;f;;;;;DYYNDKvVv7Zcp4rskYs7BCJC2K02
a2c54556;Speakeasy;appa50cc30c2d;Speakeasy AI Dictation (App Store);1717295223420;1717295242000;1.1.4;US;iOS;Version 17.4.1 (Build 21E236);4.41.1;"en-US,en;q=0.9";;;;;;;;;;;;AD98A3CA-431E-4428-A537-BF4B5F4F0774;;;f;;;;;;;;;;;;;;;;f;;;;f;;;;;lxYuF1FHtUW3PUVUMKeTrlGM8vW2
a2c54556;Speakeasy;appa50cc30c2d;Speakeasy AI Dictation (App Store);1716017359165;1717572898000;1.1.4;AU;iOS;Version 17.4.1 (Build 21E236);4.41.1;"vi-VN,vi;q=0.9";;;;;;;;;;;;388C8076-2A9B-46A0-BF16-2D3DAF8837F3;;;f;;;;;;;;;;;;;;;;f;;;;f;;;;;C0uQEQBzAXP9Myy043d4RRJpXv33
a2c54556;Speakeasy;appa50cc30c2d;Speakeasy AI Dictation (App Store);1716981983373;1716982014000;1.1.4;BM;iOS;Version 17.4.1 (Build 21E236);4.41.1;"en-US,en;q=0.9";;;;;;;;;;;;EBB90742-3362-445C-956A-0CC80D9408B6;;;f;;;;;;;;;;;;;;;;f;;;;f;;;;;NYvNQYiSQMc1wOdGXRvIwDL2sd53
a2c54556;Speakeasy;appa50cc30c2d;Speakeasy AI Dictation (App Store);1716121816662;1716836875000;1.1.4;US;iOS;Version 17.5.1 (Build 21F90);4.41.1;"en-US,en;q=0.9";;;;;;;;;;;;DDCDF8AF-7AD1-4790-9015-23EE3F4A37FA;;;f;;;;;;;;;;;;;;;;f;;;;f;;;;;1IVZp5FiAZaiGfjnZLdw6KpY1r92
a2c54556;Speakeasy;appa50cc30c2d;Speakeasy AI Dictation (App Store);1714785593374;1714785765000;1.1.3;KR;iOS;Version 17.4.1 (Build 21E236);4.41.1;"en-US,en;q=0.9";;;;;;;;;;;;;;;f;;;;;;;;;;;;;;;;f;;;;f;;;;;kEQTfACGx2PUk0sMG0A5z5cN1ok1
a2c54556;Speakeasy;appa50cc30c2d;Speakeasy AI Dictation (App Store);1715213744470;1715213744000;1.1.3;US;iOS;Version 17.4.1 (Build 21E236);4.41.1;"en-US,en;q=0.9";;;;;;;;;;;;;;;f;;;;;;;;;;;;;;;;f;;;;f;;;;;$RCAnonymousID:c96f95e699f2479fad2314796b5bb4b0
a2c54556;Speakeasy;appa50cc30c2d;Speakeasy AI Dictation (App Store);1715885588893;1716127254000;1.1.4;BE;iOS;Version 16.3.1 (Build 20D67);4.41.1;"en-GB,en;q=0.9";;;;;;;;;;;;1BBB1BD1-398D-461D-AE63-4FBB86D50020;;;f;;;;;;;;;;;;;;;;f;;;;f;;;;;$RCAnonymousID:3da22d7da1454ea49c1700acd81f03e3
a2c54556;Speakeasy;appa50cc30c2d;Speakeasy AI Dictation (App Store);1716371539389;1716371539000;1.1.4;US;iOS;Version 17.5 (Build 21F79);4.41.1;"en-US,en;q=0.9";;;;;;;;;;;;8B68A5BE-C5A2-4F0E-8195-32E7D59CF9A4;;;f;;;;;;;;;;;;;;;;f;;;;f;;;;;bySWT3GLbzaJmNBdqXweIrzVCF32
a2c54556;Speakeasy;appa50cc30c2d;Speakeasy AI Dictation (App Store);1717705233287;1717705333000;2.0.1;US;iOS;Version 17.5.1 (Build 21F90);4.41.1;"en-US,en;q=0.9";;;;;;;;;;;;6E4B763A-7FEA-4392-8A84-28B776B12AD6;;;f;;;;;;;;;;;;;;;;f;;;;f;;;;;hbSSkgE39cOD2cBYhg0SPO0Qqfm1
a2c54556;Speakeasy;appa50cc30c2d;Speakeasy AI Dictation (App Store);1715113773297;1715113773000;1.1.3;US;iOS;Version 17.4 (Build 21E213);4.41.1;"en-GB,en;q=0.9";;;;;;;;;;;;;;;f;;;;;;;;;;;;;;;;f;;;;f;;;;;$RCAnonymousID:575197e4944e47ff87ab5a68142685b1
a2c54556;Speakeasy;appa50cc30c2d;Speakeasy AI Dictation (App Store);1717628001718;1717628001000;1.1.4;US;iOS;Version 17.0.1 (Build 21A342);4.41.1;"en-GB,en;q=0.9";;;;;;;;;;;;;;;f;;;;;;;;;;;;;;;;f;;;;f;;;;;$RCAnonymousID:1a99075cb7dc4021ae0e8027857a23fa
a2c54556;Speakeasy;appa50cc30c2d;Speakeasy AI Dictation (App Store);1716706102239;1717462799000;1.1.4;IN;iOS;Version 17.5 (Build 21F79);4.41.1;"en-US,en;q=0.9";;;;;;;;;;;;F4C1FBF0-96D2-4DEB-8A4B-996DF28B27A6;;;f;;;;;;;;;;;;;;;;f;;;;f;;;;;cSx3JRqaJFgs6ylF1R6p7oh32Vr2
a2c54556;Speakeasy;;;1717608499752;1717608499774;;;;;;;;;;;;;;;;;;1BF80BD2-0B2C-4251-88C1-A7E406B72FD9;;;f;;;;;;;;;;;;;;;;f;;;;f;;;;;lIdewBExc8UHRj0FLDWiioiVz882
a2c54556;Speakeasy;appa50cc30c2d;Speakeasy AI Dictation (App Store);1717623457652;1717623457000;1.1.4;US;iOS;Version 17.4 (Build 21E213);4.41.1;"en-GB,en;q=0.9";;;;;;;;;;;;2009E736-AE81-4FF3-A84F-9C7481CCBAD0;;;f;;;;;;;;;;;;;;;;f;;;;f;;;;;$RCAnonymousID:3b88c4b4d27641629bb875f23761d2ba
a2c54556;Speakeasy;appa50cc30c2d;Speakeasy AI Dictation (App Store);1715969027387;1717551246000;1.1.4;FR;iOS;Version 17.5.1 (Build 21F90);4.41.1;"en-US,en;q=0.9";;;;;;;;;;;;8EE52631-E7D3-4F33-87C2-3F2560489A28;;;f;;;;;;;;;;;;;;;;f;;;;f;;;;;2zIS6NSZdGWAis6E7xWNsGKwHR13
a2c54556;Speakeasy;appa50cc30c2d;Speakeasy AI Dictation (App Store);1716725391015;1716725402000;1.1.4;SG;iOS;Version 17.5.1 (Build 21F90);4.41.1;"en-SG,en-GB;q=0.9,en;q=0.8";;;;;;;;;;;;1A5D9AA6-CB79-4AA0-A8BF-29C95D424B48;;;f;;;;;;;;;;;;;;;;f;;;;f;;;;;L95jCQbCcSSw0Eo0MKiskPnUl8t2
a2c54556;Speakeasy;appa50cc30c2d;Speakeasy AI Dictation (App Store);1716640334277;1716640334000;1.1.4;GB;iOS;Version 17.4.1 (Build 21E236);4.41.1;"en-GB,en-US;q=0.9,en;q=0.8";;;;;;;;;;;;11CBC00D-4E30-40F0-9157-665F016B162E;;;f;;;;;;;;;;;;;;;;f;;;;f;;;;;NprvssFojWbxjJPnXXajyjZyNsi1
a2c54556;Speakeasy;appa50cc30c2d;Speakeasy AI Dictation (App Store);1717049885653;1717049885000;1.1.4;AU;iOS;Version 17.4.1 (Build 21E236);4.41.1;"en-AU,en;q=0.9";;;;;;;;;;;;8215AE69-2D5F-44B0-8B71-E343C569BA86;;;f;;;;;;;;;;;;;;;;f;;;;f;;;;;$RCAnonymousID:c22b903e8739439a8dfe225954bbd752
a2c54556;Speakeasy;appa50cc30c2d;Speakeasy AI Dictation (App Store);1716530693031;1716530717000;1.1.4;US;iOS;Version 17.4.1 (Build 21E236);4.41.1;"en-US,en;q=0.9";;;;;;;;;;;;A0E9F404-11B7-43CD-9CAE-F6E58500BE36;;;f;;;;;;;;;;;;;;;;f;;;;f;;;;;WNVCQ4vcTtYs56hhO9zPapvabEs1
a2c54556;Speakeasy;appa50cc30c2d;Speakeasy AI Dictation (App Store);1715013258875;1715013307000;1.1.3;KR;iOS;Version 17.4.1 (Build 21E236);4.41.1;"en-US,en;q=0.9";;;;;;;;;;;;;;;f;;;;;;;;;;;;;;;;f;;;;f;;;;;68248dy4QSNz2EuC0mxI258xH563
a2c54556;Speakeasy;appa50cc30c2d;Speakeasy AI Dictation (App Store);1715957402193;1715957402000;1.1.4;US;iOS;Version 17.5 (Build 21F79);4.41.1;"en-US,en;q=0.9";;;;;;;;;;;;92132D1A-DF52-4BCC-96DA-DC4396F29B7C;;;f;;;;;;;;;;;;;;;;f;;;;f;;;;;QPXbZCcEIfXtKhZn168fdlgSqeZ2
a2c54556;Speakeasy;appa50cc30c2d;Speakeasy AI Dictation (App Store);1714690617718;1714690617000;0.4.2;US;iOS;Version 17.4.1 (Build 21E236);4.41.1;"en-US,en;q=0.9";;;;;;;;;;;;;;;f;;;;;;;;;;;;;;;;f;;;;f;;;;;$RCAnonymousID:303f4a343f754a479a779f46d700dfaa
a2c54556;Speakeasy;appa50cc30c2d;Speakeasy AI Dictation (App Store);1717272576290;1717272587000;1.1.4;US;iOS;Version 17.4.1 (Build 21E236);4.41.1;"en-US,en;q=0.9";;;;;;;;;;;;5CDD589A-3879-45A5-91E7-C4551B102323;;;f;;;;;;;;;;;;;;;;f;;;;f;;;;;CxSmVEgxyEa2cRKUoZuvx8hQdlJ2
a2c54556;Speakeasy;appa50cc30c2d;Speakeasy AI Dictation (App Store);1716568046005;1716568046000;1.1.4;CO;iOS;Version 17.4.1 (Build 21E236);4.41.1;"es-419,es;q=0.9";;;;;;;;;;;;11B77CFF-1616-40A2-B98F-CEAEC1BC633E;;;f;;;;;;;;;;;;;;;;f;;;;f;;;;;0XLsFSvrMXXPPvfSjoR3Ncm6ufj1
a2c54556;Speakeasy;appa50cc30c2d;Speakeasy AI Dictation (App Store);1717705413808;1717705413000;2.0.1;US;iOS;Version 17.5.1 (Build 21F90);4.41.1;"en-US,en;q=0.9";;;;;;;;;;;;;;;f;;;;;;;;;;;;;;;;f;;;;f;;;;;$RCAnonymousID:0cb01d7fa6764302b1cb2780c549c36f
a2c54556;Speakeasy;appa50cc30c2d;Speakeasy AI Dictation (App Store);1717705479819;1717705479000;2.0.1;US;iOS;Version 17.5.1 (Build 21F90);4.41.1;"en-US,en;q=0.9";;;;;;;;;;;;;;;f;;;;;;;;;;;;;;;;f;;;;f;;;;;$RCAnonymousID:24b2184157c34b2ebe8268052280de88
a2c54556;Speakeasy;appa50cc30c2d;Speakeasy AI Dictation (App Store);1716982607163;1716982607000;1.1.4;BM;iOS;Version 17.4.1 (Build 21E236);4.41.1;"en-US,en;q=0.9";;;;;;;;;;;;;;;f;;;;;;;;;;;;;;;;f;;;;f;;;;;$RCAnonymousID:c5a8fe44b6914d07943cbb975c23a7f5
a2c54556;Speakeasy;appa50cc30c2d;Speakeasy AI Dictation (App Store);1716441738955;1716441738000;1.1.4;US;iOS;Version 17.5 (Build 21F79);4.41.1;"en-US,en;q=0.9";;;;;;;;;;;;40C41003-ECC7-4696-B171-6D84C38D5497;;;f;;;;;;;;;;;;;;;;f;;;;f;;;;;Oeyy7thyxLVfyvhsgkVUXgOcWJU2
a2c54556;Speakeasy;appa50cc30c2d;Speakeasy AI Dictation (App Store);1716571529859;1716571565000;1.1.4;US;iOS;Version 17.4.1 (Build 21E236);4.41.1;"en-US,en;q=0.9";;;;;;;;;;;;8D386605-2FC8-47E9-88BD-79D17701C7BC;;;f;;;;;;;;;;;;;;;;f;;;;f;;;;;8mZqNm1s3QaYGyVC49zZEznxIT13
a2c54556;Speakeasy;;;1717602562148;1717602562164;;;;;;;;;;;;;;;;;;B1A2DC6E-7E44-498B-BC37-20F32BFE0F6C;;;f;;;;;;;;;;;;;;;;f;;;;f;;;;;CGksB7OLlNQfYQSRrmCx53kRjUv1
a2c54556;Speakeasy;appa50cc30c2d;Speakeasy AI Dictation (App Store);1715883570387;1715883590000;1.1.4;FR;iOS;Version 17.4.1 (Build 21E236);4.41.1;"en-GB,en;q=0.9";;;;;;;;;;;;C4881954-0EA3-4014-BBB7-D4B94BFCD9FB;;;f;;;;;;;;;;;;;;;;f;;;;f;;;;;3xtI96XtD4N6oGUrtwhlRTbc0xN2
a2c54556;Speakeasy;appa50cc30c2d;Speakeasy AI Dictation (App Store);1717118146867;1717118146000;1.1.4;US;iOS;Version 17.4.1 (Build 21E236);4.41.1;"en-US,en;q=0.9";;;;;;;;;;;;80A080FE-5EC9-4425-B9F6-B2078523B46B;;;f;;;;;;;;;;;;;;;;f;;;;f;;;;;CAFZSjsVbwZ5AD4APnQkh2cgPhY2
a2c54556;Speakeasy;appa50cc30c2d;Speakeasy AI Dictation (App Store);1716276653741;1716276685000;1.1.4;NZ;iOS;Version 17.4.1 (Build 21E236);4.41.1;"en-NZ,en-AU;q=0.9,en;q=0.8";;;;;;;;;;;;4C84C702-FA33-486B-9823-69F17346C397;;;f;;;;;;;;;;;;;;;;f;;;;f;;;;;dX4VsuXXmzalIEhbaWd6ajFoI0D2
a2c54556;Speakeasy;appa50cc30c2d;Speakeasy AI Dictation (App Store);1714836769206;1715212729000;1.1.3;US;iOS;Version 17.4.1 (Build 21E236);4.41.1;"en-US,en;q=0.9";;;;;;;;;;;;;;;f;;;;;;;;;;;;;;;;f;;;;f;;;;;NmMkQ18dsHVcGZVRWtZlXwdULtJ2
a2c54556;Speakeasy;appa50cc30c2d;Speakeasy AI Dictation (App Store);1716017584788;1716017584000;1.1.4;IE;iOS;Version 17.4.1 (Build 21E236);4.41.1;"en-GB,en;q=0.9";;;;;;;;;;;;F077AACA-D804-4DBB-AF9D-7625858A7BE7;;;f;;;;;;;;;;;;;;;;f;;;;f;;;;;$RCAnonymousID:0813d7775bc34f11a0b37300c0766fa7
a2c54556;Speakeasy;appa50cc30c2d;Speakeasy AI Dictation (App Store);1716264424405;1717210304000;1.1.4;US;iOS;Version 16.7.5 (Build 20H307);4.41.1;"en-US,en;q=0.9";;;;;;;;;;;;0DE77CB6-880A-4A2C-AF8F-643265AEC8F2;;;f;;;;;;;;;;;;;;;;f;;;;f;;;;;vNNkZwSZVXZTFdzSr32Hgxm8aTu2
a2c54556;Speakeasy;appa50cc30c2d;Speakeasy AI Dictation (App Store);1716333800966;1716333817000;1.1.4;SA;iOS;Version 17.4.1 (Build 21E236);4.41.1;"en-US,en;q=0.9";;;;;;;;;;;;E4D76F96-286E-4105-9BAF-6E8ADE11826F;;;f;;;;;;;;;;;;;;;;f;;;;f;;;;;ZOPHuE5qzMZpUxcRovv2WzJRZLG2
a2c54556;Speakeasy;;;1717779115141;1717779115147;;;;;;;;;;;;;;;;;;;;;f;;;;;;;;;;;;;;;;f;;;;f;;;;;$RCAnonymousID:7da950afbcdf47df9d69097adc5f04b9
a2c54556;Speakeasy;;;1717514296891;1717514296898;;;;;;;;;;;;;;;;;;90E9DFE3-511E-4E22-9558-35DD4B42EEA3;;;f;;;;;;;;;;;;;;;;f;;;;f;;;;;jOPwOUBUz9euLlJ8b5VayHWSAx82
a2c54556;Speakeasy;;;1717557652801;1717557652816;;;;;;;;;;;;;;;;;;AE016A9A-806A-40CF-87A1-AB9B9DAF02A7;;;f;;;;;;;;;;;;;;;;f;;;;f;;;;;0YGZiVhnNgeH04lpEpJtPjTimTj2
a2c54556;Speakeasy;appa50cc30c2d;Speakeasy AI Dictation (App Store);1716470575864;1716470597000;1.1.4;PH;iOS;Version 16.7.7 (Build 20H330);4.41.1;"en-US,en;q=0.9";;;;;;;;;;;;FE8D3137-EC86-4FF3-9095-92B1663CE76A;;;f;;;;;;;;;;;;;;;;f;;;;f;;;;;womIoiScRDSI4hggUxTSCp1zCCt1
a2c54556;Speakeasy;appa50cc30c2d;Speakeasy AI Dictation (App Store);1715985218496;1717506467000;1.1.4;US;iOS;Version 16.3.1 (Build 20D67);4.41.1;"en-US,en;q=0.9";;;;;;;;;;;;89BB40C5-6538-435E-B438-11EAA2F5A2A6;;;f;;;;;;;;;;;;;;;;f;;;;f;;;;;Pdl6euaHbmTSNqF1x1lXJnEMfSA3
a2c54556;Speakeasy;appa50cc30c2d;Speakeasy AI Dictation (App Store);1717195087078;1717195087000;1.1.4;US;iOS;Version 17.4.1 (Build 21E236);4.41.1;"en-US,en;q=0.9";;;;;;;;;;;;2820F873-18CA-4937-9F73-37BDF5D3AC46;;;f;;;;;;;;;;;;;;;;f;;;;f;;;;;$RCAnonymousID:8129ac4142fa48a1b2621a2d5cf0b267
a2c54556;Speakeasy;appa50cc30c2d;Speakeasy AI Dictation (App Store);1715358837989;1715358999000;1.1.4;KR;iOS;Version 17.4.1 (Build 21E236);4.41.1;"en-US,en;q=0.9";;;;;;;;;;;;9A6040CA-3446-45DD-BCFD-076E5DD72996;;;f;;;;;;;;;;;;;;;;f;;;;f;;;;;g2mTGuHJRuPGniJAlwkdu1qiNOw2
a2c54556;Speakeasy;appa50cc30c2d;Speakeasy AI Dictation (App Store);1716221936131;1716221949000;1.1.4;IT;iOS;Version 17.4.1 (Build 21E236);4.41.1;"it-IT,it;q=0.9";;;;;;;;;;;;B37BDDF7-ADE2-4C40-890B-0EE0300AC935;;;f;;;;;;;;;;;;;;;;f;;;;f;;;;;h9Pux9rSJLUFT9nNLhDUFQUt6tO2
a2c54556;Speakeasy;appa50cc30c2d;Speakeasy AI Dictation (App Store);1716483262384;1716483274000;1.1.4;US;iOS;Version 17.5.1 (Build 21F90);4.41.1;"en-US,en;q=0.9";;;;;;;;;;;;BDCB9498-DF3C-497B-8DB5-EE7127A7E82B;;;f;;;;;;;;;;;;;;;;f;;;;f;;;;;YnVoekPdxSZJyewQuT0J8MYCMeb2
a2c54556;Speakeasy;appa50cc30c2d;Speakeasy AI Dictation (App Store);1715960233177;1715960233000;1.1.4;FI;iOS;Version 16.7.7 (Build 20H330);4.41.1;"fi-FI,fi;q=0.9";;;;;;;;;;;;C29695C1-BEA0-407E-B8AE-9618E40C9A9F;;;f;;;;;;;;;;;;;;;;f;;;;f;;;;;$RCAnonymousID:ddb2d8c894f248c8a7a958b74f57df94
a2c54556;Speakeasy;appa50cc30c2d;Speakeasy AI Dictation (App Store);1717628093555;1717628093000;1.1.4;US;iOS;Version 17.5.1 (Build 21F90);4.41.1;"en-US,en;q=0.9";;;;;;;;;;;;;;;f;;;;;;;;;;;;;;;;f;;;;f;;;;;$RCAnonymousID:b92885a78cbb43ca9452928d0db4fbd9
a2c54556;Speakeasy;appa50cc30c2d;Speakeasy AI Dictation (App Store);1717567688665;1717567688000;1.1.4;NL;iOS;Version 17.5.1 (Build 21F90);4.41.1;"en-US,en;q=0.9";;;;;;;;;;;;561C912D-43DC-45A5-AD99-097CF3858873;;;f;;;;;;;;;;;;;;;;f;;;;f;;;;;YAZSRMp9oGRr2JPX9XeNWnMDCaG2
a2c54556;Speakeasy;appa50cc30c2d;Speakeasy AI Dictation (App Store);1715931117718;1715931117000;1.1.4;ID;iOS;Version 17.4.1 (Build 21E236);4.41.1;"ru";;;;;;;;;;;;C12DC396-766F-4A6B-9905-5D69A87D4866;;;f;;;;;;;;;;;;;;;;f;;;;f;;;;;ot7fNtjWZjf7FOnLGbAbni5jAv52
a2c54556;Speakeasy;appa50cc30c2d;Speakeasy AI Dictation (App Store);1715977942226;1717513256000;1.1.4;US;iOS;Version 17.4.1 (Build 21E236);4.41.1;"en-US,en;q=0.9";;;;;;;;;;;;ECB130CE-8139-46A3-BEA8-2188D73AB494;;;f;;;;;;;;;;;;;;;;f;;;;f;;;;;gzojYE9etiWrui31jfaUjAHyfVt1
a2c54556;Speakeasy;appa50cc30c2d;Speakeasy AI Dictation (App Store);1716414356363;1716414356000;1.1.4;US;iOS;Version 17.5 (Build 21F5048f);4.41.1;"en-US,en;q=0.9";;;;;;;;;;;;;;;f;;;;;;;;;;;;;;;;f;;;;f;;;;;$RCAnonymousID:46bcd7a9ae864bea9f33bbf0afbc2753
a2c54556;Speakeasy;appa50cc30c2d;Speakeasy AI Dictation (App Store);1716235810480;1717381657000;1.1.4;US;iOS;Version 17.4.1 (Build 21E237);4.41.1;"en-US,en;q=0.9";;;;;;;;;;;;CCA347CE-9CE9-415F-B81A-6D86A0CDFE4F;;;f;;;;;;;;;;;;;;;;f;;;;f;;;;;5VmbjBU8LVT8sMn3tTnIJ1Ucxdg2
a2c54556;Speakeasy;appa50cc30c2d;Speakeasy AI Dictation (App Store);1717177491832;1717830907000;1.1.4;GB;iOS;Version 16.6.1 (Build 20G81);4.41.1;"en-GB,en;q=0.9";;;;;;;;;;;;FC209E52-1E16-4ECA-8D4F-70C531F6ED54;;;f;;;;;;;;;;;;;;;;f;;;;f;;;;;5yJwywADmQR0hmLVZt348G3fN9j2
a2c54556;Speakeasy;appa50cc30c2d;Speakeasy AI Dictation (App Store);1717804340460;1717804424000;1.1.4;JP;iOS;Version 17.5.1 (Build 21F90);4.41.1;"en-US,en;q=0.9";;;;;;1578571043;1578594468;-1;;;;E0D0EF56-CE73-4A51-8B4F-BED4D4856EAA;;;f;;;;;;;;;;;;;;;;f;;;;f;;;;;F4ULY7bgDDhijLgGrc4hQLB48Q03
a2c54556;Speakeasy;appa50cc30c2d;Speakeasy AI Dictation (App Store);1717805033207;1717805044000;1.1.4;GB;iOS;Version 17.5.1 (Build 21F90);4.41.1;"en-GB,en;q=0.9";;;;;;;;;;;;B0D7C031-9561-40D0-9D46-81FDADFBD7D2;;;f;;;;;;;;;;;;;;;;f;;;;f;;;;;uEwgNVzgoJQgoB1wDHYkoa9nyGC2
a2c54556;Speakeasy;appa50cc30c2d;Speakeasy AI Dictation (App Store);1717028213929;1717028213000;1.1.4;US;iOS;Version 17.5.1 (Build 21F90);4.41.1;"en-US,en;q=0.9";;;;;;;;;;;;AB4D725C-EEB2-4C52-AEE1-CF1E5CA597D6;;;f;;;;;;;;;;;;;;;;f;;;;f;;;;;3G89QBAJ2YTw44ZW1TGiCz3ZBb82
a2c54556;Speakeasy;appa50cc30c2d;Speakeasy AI Dictation (App Store);1715030885507;1715030885000;1.1.3;US;iOS;Version 17.4.1 (Build 21E236);4.41.1;"en-US,en;q=0.9";;;;;;;;;;;;;;;f;;;;;;;;;;;;;;;;f;;;;f;;;;;$RCAnonymousID:11ef5a85ef434ffe9ea0e07775f4819f
a2c54556;Speakeasy;appa50cc30c2d;Speakeasy AI Dictation (App Store);1716774587546;1717483245000;1.1.4;SA;iOS;Version 17.4.1 (Build 21E236);4.41.1;"en-US,en;q=0.9";;;;;;;;;;;;F9EB8B04-2450-4328-A9EA-E888A46D1216;;;f;;;;;;;;;;;;;;;;f;;;;f;;;;;HxuSeo6Uvrh39uwS0N2yA1RcNWv2
